id,food_id,basis_qty,basis_unit,kcal,protein_g,fat_g,carb_g,fiber_g,sodium_mg,potassium_mg,phosphorus_mg,calcium_mg,magnesium_mg,iron_mg,created_at,updated_at
162,162,100,g,65,3.3,3.5,4.5,,40,160,114,,,,"2026-02-13 06:50:34","2026-02-13 06:50:34"
163,163,100,g,50,3.3,1.7,4.9,,40,160,114,,,,"2026-02-13 06:50:34","2026-02-13 06:50:34"
164,164,100,g,36,3.5,0.1,9.5,,40,160,114,,,,"2026-02-13 06:50:34","2026-02-13 06:50:34"
165,165,100,g,63,3.2,2.9,5.9,,120,181,120,,,,"2026-02-13 06:50:34","2026-02-13 06:50:34"
166,166,100,g,59,4,2.8,4,,120,181,120,,,,"2026-02-13 06:50:34","2026-02-13 06:50:34"
167,167,100,g,64,3.5,3.6,4,,120,181,120,,,,"2026-02-13 06:50:34","2026-02-13 06:50:34"
168,168,100,g,54,3.2,2.6,4,,120,181,120,,,,"2026-02-13 06:50:34","2026-02-13 06:50:34"
169,169,100,g,155,13,9,4.5,,18,65,80,,,,"2026-02-13 06:50:34","2026-02-13 06:50:34"
170,170,100,g,90,18,0,4,,18,65,80,,,,"2026-02-13 06:50:34","2026-02-13 06:50:34"
171,171,100,g,369,27.4,27.4,0.5,,515,146,400,,,,"2026-02-13 06:50:34","2026-02-13 06:50:34"
172,172,100,g,305,18.9,24,1,,515,146,400,,,,"2026-02-13 06:50:34","2026-02-13 06:50:34"
173,173,100,g,273,19.4,20.4,1,,515,146,400,,,,"2026-02-13 06:50:34","2026-02-13 06:50:34"
174,174,100,g,423,28.6,32.4,1,,515,145,400,,,,"2026-02-13 06:50:34","2026-02-13 06:50:34"
175,175,100,g,283,25,19,1,,515,146,400,,,,"2026-02-13 06:50:34","2026-02-13 06:50:34"
176,176,100,g,366,31.4,25.4,0.2,,700,150,590,,,,"2026-02-13 06:50:34","2026-02-13 06:50:34"
177,177,100,g,366,7,36,0.9,,0,0,100,,,,"2026-02-13 06:50:34","2026-02-13 06:50:34"
178,178,100,g,104,20.4,2.2,0,,408,110,200,,,,"2026-02-13 06:50:34","2026-02-13 06:50:34"
179,179,100,g,142,20.4,6.3,0,,170,442,170,,,,"2026-02-13 06:50:34","2026-02-13 06:50:34"
180,180,100,g,142,21,6,0,,400,359,160,,,,"2026-02-13 06:50:34","2026-02-13 06:50:34"
181,181,100,g,177,20.1,10.2,0,,400,359,160,,,,"2026-02-13 06:50:34","2026-02-13 06:50:34"
182,182,100,g,127,10.5,9,0,,195,327,380,,,,"2026-02-13 06:50:34","2026-02-13 06:50:34"
183,183,100,g,109,19.7,3,0,,333,310,380,,,,"2026-02-13 06:50:34","2026-02-13 06:50:34"
184,184,100,g,120,18,5,0,,450,259,250,,,,"2026-02-13 06:50:34","2026-02-13 06:50:34"
185,185,100,g,107,17,4,0,,290,326,130,,,,"2026-02-13 06:50:34","2026-02-13 06:50:34"
186,186,100,g,0,15.7,17.6,0,,133,230,200,,,,"2026-02-13 06:50:34","2026-02-13 06:50:34"
187,187,100,g,259,13,26,0,,2000,160,150,,,,"2026-02-13 06:50:34","2026-02-13 06:50:34"
188,188,100,g,391,17,34.6,0,,1900,510,150,,,,"2026-02-13 06:50:34","2026-02-13 06:50:34"
189,189,100,g,519,20,47,0,,1260,252,150,,,,"2026-02-13 06:50:34","2026-02-13 06:50:34"
190,190,100,g,374,19.4,31.7,0,,1050,226,150,,,,"2026-02-13 06:50:34","2026-02-13 06:50:34"
191,191,100,g,258,18.2,19.7,0,,750,143,180,,,,"2026-02-13 06:50:34","2026-02-13 06:50:34"
192,192,100,g,294,24.9,20.7,0,,855,314,220,,,,"2026-02-13 06:50:34","2026-02-13 06:50:34"
193,193,100,g,333,21.6,26.3,0,,800,310,220,,,,"2026-02-13 06:50:34","2026-02-13 06:50:34"
194,194,100,g,299,23,22,0,,1750,130,250,,,,"2026-02-13 06:50:34","2026-02-13 06:50:34"
195,195,100,g,349,16.8,30.1,0,,2000,160,150,,,,"2026-02-13 06:50:34","2026-02-13 06:50:34"
196,196,100,g,261,19.6,19.5,0,,1100,195,250,,,,"2026-02-13 06:50:34","2026-02-13 06:50:34"
197,197,100,g,305,16.6,25.5,0,,1000,190,250,,,,"2026-02-13 06:50:34","2026-02-13 06:50:34"
198,198,100,g,294,15,25,0,,65,220,200,,,,"2026-02-13 06:50:34","2026-02-13 06:50:34"
199,199,100,g,124,15.9,6.3,0,,50,310,137,,,,"2026-02-13 06:50:34","2026-02-13 06:50:34"
200,200,100,g,91,18,1.9,0,,70,210,177,,,,"2026-02-13 06:50:34","2026-02-13 06:50:34"
201,201,100,g,91,20.2,0.9,0,,125,240,173,,,,"2026-02-13 06:50:34","2026-02-13 06:50:34"
202,202,100,g,291,22.5,21.4,0,,240,397,430,,,,"2026-02-13 06:50:34","2026-02-13 06:50:34"
203,203,100,g,232,21.5,15.5,0,,43,40,200,,,,"2026-02-13 06:50:34","2026-02-13 06:50:34"
204,204,100,g,167,18,10,0,,70,210,177,,,,"2026-02-13 06:50:34","2026-02-13 06:50:34"
205,205,100,g,183,22,10,0,,125,240,173,,,,"2026-02-13 06:50:34","2026-02-13 06:50:34"
206,206,100,g,114,21,3,0,,80,210,170,,,,"2026-02-13 06:50:34","2026-02-13 06:50:34"
207,207,100,g,125,10.6,6.9,4.3,,50,310,137,,,,"2026-02-13 06:50:34","2026-02-13 06:50:34"
208,208,100,g,118,11.5,6.2,3.4,,60,310,130,,,,"2026-02-13 06:50:34","2026-02-13 06:50:34"
209,209,100,g,112,11.1,5.6,3.4,,50,280,200,,,,"2026-02-13 06:50:34","2026-02-13 06:50:34"
210,210,100,g,85,14.9,1.3,2.9,,120,180,200,,,,"2026-02-13 06:50:34","2026-02-13 06:50:34"
211,211,100,g,170,16.2,10.4,1.8,,240,397,430,,,,"2026-02-13 06:50:34","2026-02-13 06:50:34"
212,212,100,g,164,14.5,10.6,1.6,,125,240,173,,,,"2026-02-13 06:50:34","2026-02-13 06:50:34"
213,213,100,g,414,12.4,39.1,0,,130,260,204,,,,"2026-02-13 06:50:34","2026-02-13 06:50:34"
214,214,100,g,280,19.3,21.6,0,,100,300,348,,,,"2026-02-13 06:50:34","2026-02-13 06:50:34"
215,215,100,g,130,25,3,0,,900,400,200,,,,"2026-02-13 06:50:34","2026-02-13 06:50:34"
216,216,100,g,125,27,1.5,0,,900,400,0,,,,"2026-02-13 06:50:34","2026-02-13 06:50:34"
217,217,100,g,246,26,15,0,,900,400,178,,,,"2026-02-13 06:50:34","2026-02-13 06:50:34"
218,218,100,g,255,35,12,0,,900,420,490,,,,"2026-02-13 06:50:34","2026-02-13 06:50:34"
219,219,100,g,171,14,12,0.6,,130,140,220,,,,"2026-02-13 06:50:34","2026-02-13 06:50:34"
220,220,100,g,364,16,32,0.3,,50,120,500,,,,"2026-02-13 06:50:34","2026-02-13 06:50:34"
221,221,100,g,57,13,0.2,0.5,,180,150,35,,,,"2026-02-13 06:50:34","2026-02-13 06:50:34"
222,222,100,g,104,7,8,0.2,,70,80,0,,,,"2026-02-13 06:50:34","2026-02-13 06:50:34"
223,223,100,g,17,1.1,0.2,2.5,,0,186,25,,,,"2026-02-13 06:50:34","2026-02-13 06:50:34"
224,224,100,g,39,1.3,0.4,7.3,,0,186,0,,,,"2026-02-13 06:50:34","2026-02-13 06:50:34"
225,225,100,g,80,1.7,0.2,17.4,,13,550,0,,,,"2026-02-13 06:50:34","2026-02-13 06:50:34"
226,226,100,g,88,2,0.15,19,,20,510,45,,,,"2026-02-13 06:50:34","2026-02-13 06:50:34"
227,227,100,g,19,1.3,0.2,2.9,,15,170,27,,,,"2026-02-13 06:50:34","2026-02-13 06:50:34"
228,228,100,g,20,1,0.2,3.5,,65,270,45,,,,"2026-02-13 06:50:34","2026-02-13 06:50:34"
229,229,100,g,40,1.5,0.2,8,,25,130,45,,,,"2026-02-13 06:50:34","2026-02-13 06:50:34"
230,230,100,g,35,5,0.5,2.3,,12,470,135,,,,"2026-02-13 06:50:34","2026-02-13 06:50:34"
231,231,100,g,30,2.8,0.3,3.9,,10,420,60,,,,"2026-02-13 06:50:34","2026-02-13 06:50:34"
232,232,100,g,18,0.9,0.1,3.2,,15,300,20,,,,"2026-02-13 06:50:34","2026-02-13 06:50:34"
233,233,100,g,33,2,0.2,5.7,,10,275,60,,,,"2026-02-13 06:50:34","2026-02-13 06:50:34"
234,234,100,g,96,8.5,0.5,14,,30,311,0,,,,"2026-02-13 06:50:34","2026-02-13 06:50:34"
235,235,100,g,45,1.5,0.3,8.8,,100,220,40,,,,"2026-02-13 06:50:34","2026-02-13 06:50:34"
236,236,100,g,72,1.4,0.5,15,,20,380,70,,,,"2026-02-13 06:50:34","2026-02-13 06:50:34"
237,237,100,g,53,1.1,0.8,10,,35,900,120,,,,"2026-02-13 06:50:34","2026-02-13 06:50:34"
238,238,100,g,20,1.1,0.3,3.1,,25,310,30,,,,"2026-02-13 06:50:34","2026-02-13 06:50:34"
239,239,100,g,27,1.3,0.2,4.8,,10,240,20,,,,"2026-02-13 06:50:34","2026-02-13 06:50:34"
240,240,100,g,54,2.3,0.4,9.9,,7,200,57,,,,"2026-02-13 06:50:34","2026-02-13 06:50:34"
241,241,100,g,19,0.6,0.1,3.8,,60,120,25,,,,"2026-02-13 06:50:34","2026-02-13 06:50:34"
242,242,100,g,36,1.3,0.1,4.9,,152,280,35,,,,"2026-02-13 06:50:34","2026-02-13 06:50:34"
243,243,100,g,22,1.9,0.3,2.9,,3.1,320,50,,,,"2026-02-13 06:50:34","2026-02-13 06:50:34"
244,244,100,g,43,1.3,0.1,9,,89,100,30,,,,"2026-02-13 06:50:34","2026-02-13 06:50:34"
245,245,100,g,25,3.5,0.3,2,,70,700,55,,,,"2026-02-13 06:50:34","2026-02-13 06:50:34"
246,246,100,g,33,1.4,0.3,5.9,,130,340,35,,,,"2026-02-13 06:50:34","2026-02-13 06:50:34"
247,247,100,g,68,7.9,0.7,7.1,,0,0,0,,,,"2026-02-13 06:50:34","2026-02-13 06:50:34"
248,248,100,g,137,7.2,0.2,26,,20,250,0,,,,"2026-02-13 06:50:34","2026-02-13 06:50:34"
249,249,100,g,33,1.8,0.2,5.8,,30,400,60,,,,"2026-02-13 06:50:34","2026-02-13 06:50:34"
250,250,100,g,50,4,0.5,7,,32,400,78,,,,"2026-02-13 06:50:34","2026-02-13 06:50:34"
251,251,100,g,33,1.9,0.2,5.6,,32,250,32,,,,"2026-02-13 06:50:34","2026-02-13 06:50:34"
252,252,100,g,10,0.9,0,1.5,,35,300,0,,,,"2026-02-13 06:50:34","2026-02-13 06:50:34"
253,253,100,g,22,1.8,0.5,2.5,,0,120,0,,,,"2026-02-13 06:50:34","2026-02-13 06:50:34"
254,254,100,g,18,1.1,0.4,2.5,,50,340,28,,,,"2026-02-13 06:50:34","2026-02-13 06:50:34"
255,255,100,g,72,6.5,0.5,10,,60,900,53,,,,"2026-02-13 06:50:34","2026-02-13 06:50:34"
256,256,100,g,36,1.5,0.6,6,,0,0,0,,,,"2026-02-13 06:50:34","2026-02-13 06:50:34"
257,257,100,g,26,1.4,0.5,3.7,,40,350,0,,,,"2026-02-13 06:50:34","2026-02-13 06:50:34"
258,258,100,g,23,1.7,0.4,3.1,,25,300,0,,,,"2026-02-13 06:50:34","2026-02-13 06:50:34"
259,259,100,g,15,1,0.5,1.5,,20,300,0,,,,"2026-02-13 06:50:34","2026-02-13 06:50:34"
260,260,100,g,100,2,8,4.2,,40,330,0,,,,"2026-02-13 06:50:34","2026-02-13 06:50:34"
261,261,100,g,73,1,6,3.1,,40,310,0,,,,"2026-02-13 06:50:34","2026-02-13 06:50:34"
262,262,100,g,89,1.9,6,6.2,,0,0,0,,,,"2026-02-13 06:50:34","2026-02-13 06:50:34"
263,263,100,g,62,3,0,11.6,,0,0,50,,,,"2026-02-13 06:50:34","2026-02-13 06:50:34"
264,264,100,g,85,5.1,0,16.4,,0,0,68,,,,"2026-02-13 06:50:34","2026-02-13 06:50:34"
265,265,100,g,9,0.6,0,1.5,,0,0,20,,,,"2026-02-13 06:50:34","2026-02-13 06:50:34"
266,266,100,g,15,0.7,0,3,,0,0,20,,,,"2026-02-13 06:50:34","2026-02-13 06:50:34"
267,267,100,g,14,0.8,0,2.6,,0,0,20,,,,"2026-02-13 06:50:34","2026-02-13 06:50:34"
268,268,100,g,16,1,0,3,,32,250,32,,,,"2026-02-13 06:50:34","2026-02-13 06:50:34"
269,269,100,g,38,1,0,8.2,,80,100,30,,,,"2026-02-13 06:50:34","2026-02-13 06:50:34"
270,270,100,g,18,1.2,0,3.3,,1300,350,34,,,,"2026-02-13 06:50:34","2026-02-13 06:50:34"
271,271,100,g,66,1.3,0.6,13.4,,3,360,30,,,,"2026-02-13 06:50:34","2026-02-13 06:50:34"
272,272,100,g,57,1,0,13,,1,320,26,,,,"2026-02-13 06:50:34","2026-02-13 06:50:34"
273,273,100,g,50,1,0.1,8,,2,160,30,,,,"2026-02-13 06:50:34","2026-02-13 06:50:34"
274,274,100,g,81,1,0.3,18,,3,280,20,,,,"2026-02-13 06:50:34","2026-02-13 06:50:34"
275,275,100,g,54,1.5,0.6,10.2,,3,275,38,,,,"2026-02-13 06:50:34","2026-02-13 06:50:34"
276,276,100,g,54,1.3,1,9.8,,2,160,38,,,,"2026-02-13 06:50:34","2026-02-13 06:50:34"
277,277,100,g,30,0.5,0.2,6.5,,2,230,10,,,,"2026-02-13 06:50:34","2026-02-13 06:50:34"
278,278,100,g,65,0.5,0.5,14.2,,4,200,28,,,,"2026-02-13 06:50:34","2026-02-13 06:50:34"
279,279,100,g,36,0.9,0.7,6.2,,3,170,20,,,,"2026-02-13 06:50:34","2026-02-13 06:50:34"
280,280,100,g,40,0.8,0.1,8.7,,2.2,110,23,,,,"2026-02-13 06:50:34","2026-02-13 06:50:34"
281,281,100,g,117,4.1,1.2,21.8,,5,220,25,,,,"2026-02-13 06:50:34","2026-02-13 06:50:34"
282,282,100,g,67,0.3,0.5,15,,3,120,10,,,,"2026-02-13 06:50:34","2026-02-13 06:50:34"
283,283,100,g,77,1.5,1.4,14.1,,2,260,50,,,,"2026-02-13 06:50:34","2026-02-13 06:50:34"
284,284,100,g,23,0.5,0.1,5,,14,320,30,,,,"2026-02-13 06:50:34","2026-02-13 06:50:34"
285,285,100,g,25,0.5,0.1,5.4,,8,270,15,,,,"2026-02-13 06:50:34","2026-02-13 06:50:34"
286,286,100,g,79,1,1,18,,3,130,12,,,,"2026-02-13 06:50:34","2026-02-13 06:50:34"
287,287,100,g,45,1,0,10,,3,260,20,,,,"2026-02-13 06:50:34","2026-02-13 06:50:34"
288,288,100,g,47,0.8,0.2,10.1,,4,200,23,,,,"2026-02-13 06:50:34","2026-02-13 06:50:34"
289,289,100,g,89,0.6,0.1,21,,3,300,32,,,,"2026-02-13 06:50:34","2026-02-13 06:50:34"
290,290,100,g,71,1,1,14,,3,220,29,,,,"2026-02-13 06:50:34","2026-02-13 06:50:34"
291,291,100,g,98,2.1,1.7,18,,2,300,24,,,,"2026-02-13 06:50:34","2026-02-13 06:50:34"
292,292,100,g,66,1,0.5,14,,3,290,30,,,,"2026-02-13 06:50:34","2026-02-13 06:50:34"
293,293,100,g,304,5.2,0.4,68,,0,0,139,,,,"2026-02-13 06:50:34","2026-02-13 06:50:34"
294,294,100,g,316,1.9,0.6,74,,0,0,64,,,,"2026-02-13 06:50:34","2026-02-13 06:50:34"
295,295,100,g,239,1,1,55,,0,0,48,,,,"2026-02-13 06:50:34","2026-02-13 06:50:34"
296,296,100,g,300,2.4,0.4,70,,0,0,61,,,,"2026-02-13 06:50:34","2026-02-13 06:50:34"
297,297,100,g,302,3,0.6,69.4,,0,0,125,,,,"2026-02-13 06:50:34","2026-02-13 06:50:34"
298,298,100,g,306,2.5,0.5,71,,12,800,85,,,,"2026-02-13 06:50:34","2026-02-13 06:50:34"
299,299,100,g,267,4.3,1.3,58,,34,780,111,,,,"2026-02-13 06:50:34","2026-02-13 06:50:34"
300,300,100,g,306,2.5,0.5,71,,31,708,129,,,,"2026-02-13 06:50:34","2026-02-13 06:50:34"
301,301,100,g,72,0.09,0,17.4,,1,120,9,,,,"2026-02-13 06:50:34","2026-02-13 06:50:34"
302,302,100,g,57,0.02,0,14.1,,3,220,10,,,,"2026-02-13 06:50:34","2026-02-13 06:50:34"
303,303,100,g,56,0.09,0,13.7,,0,0,0,,,,"2026-02-13 06:50:34","2026-02-13 06:50:34"
304,304,100,g,51,0.16,0,12.3,,0,0,12,,,,"2026-02-13 06:50:34","2026-02-13 06:50:34"
305,305,100,g,83,0.13,0,20,,2,300,30,,,,"2026-02-13 06:50:34","2026-02-13 06:50:34"
306,306,100,g,25,1,0,5,,0,0,32,,,,"2026-02-13 06:50:34","2026-02-13 06:50:34"
307,307,100,g,59,0.5,0,14,,0,0,16,,,,"2026-02-13 06:50:34","2026-02-13 06:50:34"
308,308,100,g,65,0.4,0,15.5,,0,0,0,,,,"2026-02-13 06:50:34","2026-02-13 06:50:34"
309,309,100,g,70,0,0,17,,0,0,0,,,,"2026-02-13 06:50:34","2026-02-13 06:50:34"
310,310,100,g,73,0.3,0,17.5,,0,0,6,,,,"2026-02-13 06:50:34","2026-02-13 06:50:34"
311,311,100,g,85,0.2,0,20.5,,0,0,7,,,,"2026-02-13 06:50:34","2026-02-13 06:50:34"
312,312,100,g,68,0.6,0,16.1,,16,256,20,,,,"2026-02-13 06:50:34","2026-02-13 06:50:34"
313,313,100,g,64,0.4,0,15.3,,0,0,11,,,,"2026-02-13 06:50:34","2026-02-13 06:50:34"
314,314,100,g,65,0.4,0,15.5,,0,0,17,,,,"2026-02-13 06:50:34","2026-02-13 06:50:34"
315,315,100,g,303,23,1.7,47,,60,1500,309,,,,"2026-02-13 06:50:34","2026-02-13 06:50:34"
316,316,100,g,333,25,1.9,52,,90,700,242,,,,"2026-02-13 06:50:34","2026-02-13 06:50:34"
317,317,100,g,323,21.5,1.9,63,,35,1000,303,,,,"2026-02-13 06:50:34","2026-02-13 06:50:34"
318,318,100,g,173,17,9,10,,237,515,245,,,,"2026-02-13 06:50:34","2026-02-13 06:50:34"
319,319,100,g,247,7.5,0.4,52,,360,120,87,,,,"2026-02-13 06:50:34","2026-02-13 06:50:34"
320,320,100,g,234,7.5,0.7,48,,0,0,98,,,,"2026-02-13 06:50:34","2026-02-13 06:50:34"
321,321,100,g,242,8.4,1.2,48,,400,190,164,,,,"2026-02-13 06:50:34","2026-02-13 06:50:34"
322,322,100,g,344,12.4,1.7,67.7,,400,200,256,,,,"2026-02-13 06:50:34","2026-02-13 06:50:34"
323,323,100,g,256,9.1,1,51,,0,0,218,,,,"2026-02-13 06:50:34","2026-02-13 06:50:34"
324,324,100,g,271,8.2,0.4,57.1,,280,120,61,,,,"2026-02-13 06:50:34","2026-02-13 06:50:34"
325,325,100,g,356,11.8,1.4,72,,30,200,132,,,,"2026-02-13 06:50:34","2026-02-13 06:50:34"
326,326,100,g,353,8.9,1.2,74.6,,0,0,146,,,,"2026-02-13 06:50:34","2026-02-13 06:50:34"
327,327,100,g,351,9.6,1.7,72.1,,10,300,250,,,,"2026-02-13 06:50:34","2026-02-13 06:50:34"
328,328,100,g,348,9.5,1.5,72,,3,160,236,,,,"2026-02-13 06:50:34","2026-02-13 06:50:34"
329,329,100,g,354,8.1,1.2,75.5,,30,200,150,,,,"2026-02-13 06:50:34","2026-02-13 06:50:34"
330,330,100,g,358,9.4,0.9,75.9,,25,180,101,,,,"2026-02-13 06:50:34","2026-02-13 06:50:34"
331,331,100,g,374,13.6,6.3,63.3,,35,370,353,,,,"2026-02-13 06:50:34","2026-02-13 06:50:34"
332,332,100,g,360,10.9,0.6,75.6,,200,140,97,,,,"2026-02-13 06:50:34","2026-02-13 06:50:34"
333,333,100,g,386,10.2,2.2,79.1,,200,140,156,,,,"2026-02-13 06:50:34","2026-02-13 06:50:34"
334,334,100,g,425,8.2,9.5,74,,300,90,150,,,,"2026-02-13 06:50:34","2026-02-13 06:50:34"
335,335,100,g,584,25.8,44.5,15.7,,7,680,400,,,,"2026-02-13 06:50:34","2026-02-13 06:50:34"
336,336,100,g,705,12,63,17,,4,690,460,,,,"2026-02-13 06:50:34","2026-02-13 06:50:34"
337,337,100,g,437,20,35,7.2,,2300,100,92,,,,"2026-02-13 06:50:34","2026-02-13 06:50:34"
338,338,100,g,177,12.5,10,8.1,,0,0,85,,,,"2026-02-13 06:50:34","2026-02-13 06:50:34"
339,339,100,g,658,21,59,3.7,,4,450,360,,,,"2026-02-13 06:50:34","2026-02-13 06:50:34"
340,340,100,g,410,0,0,100,,0.3,0.5,0,,,,"2026-02-13 06:50:34","2026-02-13 06:50:34"
341,341,100,g,320,0,0,78,,0,0,0,,,,"2026-02-13 06:50:34","2026-02-13 06:50:34"
342,342,100,g,336,0.5,0.2,81,,5,10,33,,,,"2026-02-13 06:50:34","2026-02-13 06:50:34"
343,343,100,g,340,0,0,83,,0,0,0,,,,"2026-02-13 06:50:34","2026-02-13 06:50:34"
344,344,100,g,394,0,0,96,,0,0,0,,,,"2026-02-13 06:50:34","2026-02-13 06:50:34"
345,345,100,g,405,1.2,6.4,83.1,,0,0,0,,,,"2026-02-13 06:50:34","2026-02-13 06:50:34"
346,346,100,g,406,3.7,5,84,,0,0,0,,,,"2026-02-13 06:50:34","2026-02-13 06:50:34"
347,347,100,g,323,2.7,5.4,64,,0,0,0,,,,"2026-02-13 06:50:34","2026-02-13 06:50:34"
348,348,100,g,422,6.4,6.9,81,,0,0,0,,,,"2026-02-13 06:50:34","2026-02-13 06:50:34"
349,349,100,g,403,0,0,98.5,,0,0,0,,,,"2026-02-13 06:50:34","2026-02-13 06:50:34"
350,350,100,g,417,2.3,2,95,,0,0,0,,,,"2026-02-13 06:50:34","2026-02-13 06:50:34"
351,351,100,g,405,0,0,99,,0,0,0,,,,"2026-02-13 06:50:34","2026-02-13 06:50:34"
352,352,100,g,420,3.1,9.1,78.7,,0,0,0,,,,"2026-02-13 06:50:34","2026-02-13 06:50:34"
353,353,100,g,574,7,33.8,56.3,,0,0,0,,,,"2026-02-13 06:50:34","2026-02-13 06:50:34"
354,354,100,g,264,0.4,0,84,,0,0,0,,,,"2026-02-13 06:50:34","2026-02-13 06:50:34"
355,355,100,g,240,0.65,0,58,,0,0,0,,,,"2026-02-13 06:50:34","2026-02-13 06:50:34"
356,356,100,g,240,0.64,0,58,,0,0,15,,,,"2026-02-13 06:50:34","2026-02-13 06:50:34"
357,357,100,g,244,0.62,0,59,,0,0,14,,,,"2026-02-13 06:50:34","2026-02-13 06:50:34"
358,358,100,g,246,0,0,60,,0,0,0,,,,"2026-02-13 06:50:34","2026-02-13 06:50:34"
359,359,100,g,250,0.83,0,60,,0,0,0,,,,"2026-02-13 06:50:34","2026-02-13 06:50:34"
360,360,100,g,239,0.34,0,58,,0,0,10,,,,"2026-02-13 06:50:34","2026-02-13 06:50:34"
361,361,100,g,239,0.35,0,58,,0,0,12,,,,"2026-02-13 06:50:34","2026-02-13 06:50:34"
362,362,100,g,278,0,0,69,,0,0,0,,,,"2026-02-13 06:50:34","2026-02-13 06:50:34"
363,363,100,g,314,0.6,0,76,,0,0,0,,,,"2026-02-13 06:50:34","2026-02-13 06:50:34"
364,364,100,g,269,0.5,0,65,,0,0,0,,,,"2026-02-13 06:50:34","2026-02-13 06:50:34"
365,365,100,g,225,0.8,0,54,,0,0,12,,,,"2026-02-13 06:50:34","2026-02-13 06:50:34"
366,366,100,g,292,0.42,0,71,,0,0,10,,,,"2026-02-13 06:50:34","2026-02-13 06:50:34"
367,367,100,g,232,1.5,0,55,,0,0,17,,,,"2026-02-13 06:50:34","2026-02-13 06:50:34"
368,368,100,g,536,6.5,27.5,62,,60,900,619,,,,"2026-02-13 06:50:34","2026-02-13 06:50:34"
369,369,100,g,605,6.9,40,50,,10,442,445,,,,"2026-02-13 06:50:34","2026-02-13 06:50:34"
370,370,100,g,548,18.6,31.5,43,,0,0,0,,,,"2026-02-13 06:50:34","2026-02-13 06:50:34"
371,371,100,g,302,2.5,30,3.1,,70,126,35,,,,"2026-02-13 06:50:34","2026-02-13 06:50:34"
372,372,100,g,297,2.5,29.5,3,,30,95,60,,,,"2026-02-13 06:50:34","2026-02-13 06:50:34"
373,373,100,g,721,6,74,2,,10,14,25,,,,"2026-02-13 06:50:34","2026-02-13 06:50:34"
374,374,100,g,930,0,100,0,,0,0,0,,,,"2026-02-13 06:50:34","2026-02-13 06:50:34"
375,375,100,g,930,0,100,0,,0,0,0,,,,"2026-02-13 06:50:34","2026-02-13 06:50:34"
376,376,100,g,930,0,100,0,,0,0,0,,,,"2026-02-13 06:50:34","2026-02-13 06:50:34"
377,377,100,g,767,0,82.5,0,,0,0,12,,,,"2026-02-13 06:50:34","2026-02-13 06:50:34"
378,378,100,g,930,0,100,0,,0,0,0,,,,"2026-02-13 06:50:34","2026-02-13 06:50:34"
379,379,100,g,43,0.5,0,2.9,,5,33,28,,,,"2026-02-13 06:50:34","2026-02-13 06:50:34"
380,380,100,g,1,0,0,0,,0,33,1,,,,"2026-02-13 06:50:34","2026-02-13 06:50:34"
381,381,100,g,0.5,0,0,0,,1,20,60,,,,"2026-02-13 06:50:34","2026-02-13 06:50:34"
382,382,100,g,569,1.9,32,64.3,,250,471,240,,,,"2026-02-13 06:50:34","2026-02-13 06:50:34"
383,383,100,g,46,0,0,11,,8,150,1,,,,"2026-02-13 06:50:34","2026-02-13 06:50:34"
384,384,100,g,310,0.1,0,78.5,,0,8,5,,,,"2026-02-13 06:50:34","2026-02-13 06:50:34"
385,385,100,g,134,0,0,32.6,,0,38,26,,,,"2026-02-13 06:50:34","2026-02-13 06:50:34"
386,386,100,g,109,2,0.3,24,,1200,600,40,,,,"2026-02-13 06:50:34","2026-02-13 06:50:34"
387,387,100,g,774,1.5,80,3,,400,18,60,,,,"2026-02-13 06:50:34","2026-02-13 06:50:34"
388,388,100,g,105,6,6,6,,2500,200,190,,,,"2026-02-13 06:50:34","2026-02-13 06:50:34"
389,389,100,g,165,2.2,4.5,27.8,,0,99,117,,,,"2026-02-13 06:50:34","2026-02-13 06:50:34"
390,390,100,g,386,21.4,19,32.4,,40,1600,700,,,,"2026-02-13 06:50:34","2026-02-13 06:50:34"
391,391,100,g,70,0.1,0,2,,3,88,8,,,,"2026-02-13 06:50:34","2026-02-13 06:50:34"
392,392,100,g,65,0.1,0,0.3,,3,100,10,,,,"2026-02-13 06:50:34","2026-02-13 06:50:34"
393,393,100,g,0,15,43.3,0,,2193,539,506,,,,"2026-02-13 06:50:34","2026-02-13 06:50:34"
394,394,100,g,0,2,0,0,,7,485,52,,,,"2026-02-13 06:50:34","2026-02-13 06:50:34"
395,395,100,g,,0.74,,,,1,77,12,,,,"2026-02-13 06:50:34","2026-02-13 06:50:34"
396,396,100,g,,17,,,,0,800,150,,,,"2026-02-13 06:50:34","2026-02-13 06:50:34"
397,397,100,g,,3,,,,0,0,0,,,,"2026-02-13 06:50:34","2026-02-13 06:50:34"
398,398,100,g,,3,,,,56,554,58,,,,"2026-02-13 06:50:34","2026-02-13 06:50:34"
399,399,100,ml,0,0,0,0,,0,0,0,,,,"2026-01-25 16:30:40","2026-01-25 16:30:40"
400,400,100,g,97,0.1,,,,90,10101,6868,,,,"2026-01-25 16:36:05","2026-01-25 16:36:05"
401,401,100,g,247,4,1.2,80.6,,10,431,64,,,,"2026-01-25 16:39:34","2026-01-25 16:39:34"
402,402,100,g,80,1.82,0.75,17.77,,13,415,34,,,,"2026-01-25 16:42:41","2026-01-25 16:42:41"
403,403,100,g,164,8.9,2.6,27.4,7.6,7,291,168,49,48,2.9,"2026-02-03 19:57:29","2026-02-03 19:57:29"
404,404,100,g,288,0.1,12.7,12.7,0,9,148,6,11,12,0.1,"2026-02-03 20:10:00","2026-02-03 20:10:00"
405,405,100,g,130,2.7,0.3,28.2,0.4,1,35,43,10,12,1.2,"2026-02-03 20:15:34","2026-02-03 20:15:34"
406,406,100,g,31,1.82,0.12,7.13,,6,209,38,37,25,1.04,"2026-02-03 20:20:30","2026-02-03 20:20:30"
407,407,100,g,25,0.4,,8.6,0.4,1,124,6,7,6,0,"2026-02-03 20:24:41","2026-02-03 20:24:41"
408,408,100,g,47,1.5,0.3,16,10.6,6,160,12,134,15,0.8,"2026-02-03 20:30:29","2026-02-03 20:30:29"
409,409,100,g,43,3.5,1.1,7,2.1,0,740,,,,,"2026-02-03 20:31:05","2026-02-03 20:33:59"
410,410,100,g,86,1.7,0.1,20,,13,328,40,8,20,0.3,"2026-02-03 20:54:48","2026-02-03 20:54:48"
411,411,100,g,50,0.3,,10,0.2,40,30,50,120,10,0.1,"2026-02-03 21:07:36","2026-02-03 21:07:36"
